ID,"Appointment date",Employee,"Customer name","Customer phone","Customer email",Service,Duration,Status,Payment,Notes,Created,"Customer address","Customer birthday","Online meeting"
141,"October 15, 2024 2:30 pm","Nick Knight","John Smith",+14065551216,john.smith@example.com,"Crown and Bridge","1 h",Approved,,,"October 10, 2024 2:00 pm",,,
142,"October 15, 2024 9:00 am","Bradley Tannen","John Smith",+14065551216,john.smith@example.com,"Crown and Bridge","1 h",Pending,,,"October 10, 2024 2:00 pm",,,
143,"October 16, 2024 8:15 am","Marry Murphy","Mike Boddington",+14065551214,mike.bodding@example.com,Dentures,"2 h",Approved,,,"October 10, 2024 2:00 pm",,,
1,"October 14, 2024 8:00 am","Nick Knight","Peter White",+14065551212,peter.white@example.com,"Crown and Bridge","1 h",Approved,"$350.00 PayPal Completed",,"October 10, 2024 2:00 pm","United States, , 10019, New York, West Street 53, , ",,
2,"October 14, 2024 11:00 am","Nick Knight","Peter White",+14065551212,peter.white@example.com,"Root Canal Treatment","1 h",Approved,,,"October 10, 2024 2:00 pm","United States, , 10019, New York, West Street 53, , ",,
3,"October 14, 2024 2:00 pm","Nick Knight","Peter White",+14065551212,peter.white@example.com,"Orthodontics (braces)","3 h 30 min",Approved,,,"October 10, 2024 2:00 pm","United States, , 10019, New York, West Street 53, , ",,
4,"October 15, 2024 8:30 am","Nick Knight","Peter White",+14065551212,peter.white@example.com,"Wisdom tooth Removal","2 h",Approved,"$330.00 PayPal Completed",,"October 10, 2024 2:00 pm","United States, , 10019, New York, West Street 53, , ",,
5,"October 15, 2024 1:00 pm","Nick Knight","Peter White",+14065551212,peter.white@example.com,"Wisdom tooth Removal","1 h",Approved,,,"October 10, 2024 2:00 pm","United States, , 10019, New York, West Street 53, , ",,
6,"October 16, 2024 9:00 am","Nick Knight","Peter White",+14065551212,peter.white@example.com,"Root Canal Treatment","1 h",Approved,,,"October 10, 2024 2:00 pm","United States, , 10019, New York, West Street 53, , ",,
7,"October 16, 2024 10:00 am","Nick Knight","Peter White",+14065551212,peter.white@example.com,"Wisdom tooth Removal","2 h",Approved,,,"October 10, 2024 2:00 pm","United States, , 10019, New York, West Street 53, , ",,
8,"October 16, 2024 5:00 pm","Nick Knight","Peter White",+14065551212,peter.white@example.com,"Crown and Bridge","1 h",Approved,,,"October 10, 2024 2:00 pm","United States, , 10019, New York, West Street 53, , ",,
9,"October 10, 2024 8:00 am","Nick Knight","Peter White",+14065551212,peter.white@example.com,"Wisdom tooth Removal","2 h",Approved,,,"October 10, 2024 2:00 pm","United States, , 10019, New York, West Street 53, , ",,
10,"October 10, 2024 1:00 pm","Nick Knight","Peter White",+14065551212,peter.white@example.com,"Orthodontics (braces)","3 h 30 min",Approved,,,"October 10, 2024 2:00 pm","United States, , 10019, New York, West Street 53, , ",,
11,"October 11, 2024 9:00 am","Nick Knight","Peter White",+14065551212,peter.white@example.com,"Crown and Bridge","1 h",Approved,,,"October 10, 2024 2:00 pm","United States, , 10019, New York, West Street 53, , ",,
12,"October 11, 2024 10:00 am","Nick Knight","Peter White",+14065551212,peter.white@example.com,"Crown and Bridge","1 h",Approved,,,"October 10, 2024 2:00 pm","United States, , 10019, New York, West Street 53, , ",,
13,"October 11, 2024 1:00 pm","Nick Knight","Peter White",+14065551212,peter.white@example.com,"Root Canal Treatment","1 h",Approved,,,"October 10, 2024 2:00 pm","United States, , 10019, New York, West Street 53, , ",,
14,"October 11, 2024 4:00 pm","Nick Knight","Peter White",+14065551212,peter.white@example.com,"Wisdom tooth Removal","2 h",Approved,,,"October 10, 2024 2:00 pm","United States, , 10019, New York, West Street 53, , ",,
15,"October 21, 2024 8:00 am","Nick Knight","Peter White",+14065551212,peter.white@example.com,"Wisdom tooth Removal","2 h",Approved,,,"October 10, 2024 2:00 pm","United States, , 10019, New York, West Street 53, , ",,
16,"October 21, 2024 3:00 pm","Nick Knight","Peter White",+14065551212,peter.white@example.com,"Root Canal Treatment","1 h",Approved,,,"October 10, 2024 2:00 pm","United States, , 10019, New York, West Street 53, , ",,
17,"October 22, 2024 8:00 am","Nick Knight","Peter White",+14065551212,peter.white@example.com,"Orthodontics (braces)","3 h 30 min",Approved,,,"October 10, 2024 2:00 pm","United States, , 10019, New York, West Street 53, , ",,
18,"October 22, 2024 1:00 pm","Nick Knight","Peter White",+14065551212,peter.white@example.com,"Crown and Bridge","1 h",Approved,,,"October 10, 2024 2:00 pm","United States, , 10019, New York, West Street 53, , ",,
19,"October 23, 2024 9:00 am","Nick Knight","Peter White",+14065551212,peter.white@example.com,"Crown and Bridge","1 h",Approved,,,"October 10, 2024 2:00 pm","United States, , 10019, New York, West Street 53, , ",,
20,"October 23, 2024 10:00 am","Nick Knight","Peter White",+14065551212,peter.white@example.com,"Root Canal Treatment","1 h",Approved,,,"October 10, 2024 2:00 pm","United States, , 10019, New York, West Street 53, , ",,
21,"October 23, 2024 2:00 pm","Nick Knight","Peter White",+14065551212,peter.white@example.com,"Orthodontics (braces)","3 h 30 min",Approved,,,"October 10, 2024 2:00 pm","United States, , 10019, New York, West Street 53, , ",,
22,"October 17, 2024 11:00 am","Nick Knight","Peter White",+14065551212,peter.white@example.com,"Crown and Bridge","1 h",Approved,,,"October 10, 2024 2:00 pm","United States, , 10019, New York, West Street 53, , ",,
23,"October 17, 2024 1:00 pm","Nick Knight","Peter White",+14065551212,peter.white@example.com,"Crown and Bridge","1 h",Approved,,,"October 10, 2024 2:00 pm","United States, , 10019, New York, West Street 53, , ",,
24,"October 17, 2024 2:00 pm","Nick Knight","Peter White",+14065551212,peter.white@example.com,"Root Canal Treatment","1 h",Approved,,,"October 10, 2024 2:00 pm","United States, , 10019, New York, West Street 53, , ",,
25,"October 18, 2024 8:00 am","Nick Knight","Peter White",+14065551212,peter.white@example.com,"Root Canal Treatment","1 h",Approved,,,"October 10, 2024 2:00 pm","United States, , 10019, New York, West Street 53, , ",,
26,"October 18, 2024 9:00 am","Nick Knight","Peter White",+14065551212,peter.white@example.com,"Root Canal Treatment","1 h",Approved,,,"October 10, 2024 2:00 pm","United States, , 10019, New York, West Street 53, , ",,
27,"October 14, 2024 9:00 am","Jane Howard","Peter White",+14065551212,peter.white@example.com,"Teeth Whitening","2 h",Approved,,,"October 10, 2024 2:00 pm","United States, , 10019, New York, West Street 53, , ",,
28,"October 14, 2024 11:00 am","Jane Howard","Peter White",+14065551212,peter.white@example.com,"Root Canal Treatment","1 h",Approved,,,"October 10, 2024 2:00 pm","United States, , 10019, New York, West Street 53, , ",,
29,"October 15, 2024 8:00 am","Jane Howard","Peter White",+14065551212,peter.white@example.com,"Teeth Whitening","2 h",Approved,,,"October 10, 2024 2:00 pm","United States, , 10019, New York, West Street 53, , ",,
30,"October 15, 2024 4:00 pm","Jane Howard","Peter White",+14065551212,peter.white@example.com,"Teeth Whitening","2 h",Approved,,,"October 10, 2024 2:00 pm","United States, , 10019, New York, West Street 53, , ",,
31,"October 16, 2024 8:00 am","Jane Howard","Peter White",+14065551212,peter.white@example.com,"Invisalign (invisable braces)","3 h 15 min",Approved,,,"October 10, 2024 2:00 pm","United States, , 10019, New York, West Street 53, , ",,
32,"October 16, 2024 12:00 pm","Jane Howard","Peter White",+14065551212,peter.white@example.com,"Crown and Bridge","1 h",Approved,,,"October 10, 2024 2:00 pm","United States, , 10019, New York, West Street 53, , ",,
33,"October 10, 2024 8:00 am","Jane Howard","Peter White",+14065551212,peter.white@example.com,"Wisdom tooth Removal","2 h",Approved,,,"October 10, 2024 2:00 pm","United States, , 10019, New York, West Street 53, , ",,
34,"October 10, 2024 11:00 am","Jane Howard","Peter White",+14065551212,peter.white@example.com,"Crown and Bridge","1 h",Approved,,,"October 10, 2024 2:00 pm","United States, , 10019, New York, West Street 53, , ",,
35,"October 10, 2024 4:15 pm","Jane Howard","Peter White",+14065551212,peter.white@example.com,"Crown and Bridge","1 h",Approved,,,"October 10, 2024 2:00 pm","United States, , 10019, New York, West Street 53, , ",,
36,"October 11, 2024 9:00 am","Jane Howard","Peter White",+14065551212,peter.white@example.com,"Teeth Whitening","2 h",Approved,,,"October 10, 2024 2:00 pm","United States, , 10019, New York, West Street 53, , ",,
37,"October 11, 2024 11:00 am","Jane Howard","Peter White",+14065551212,peter.white@example.com,"Wisdom tooth Removal","2 h",Approved,,,"October 10, 2024 2:00 pm","United States, , 10019, New York, West Street 53, , ",,
38,"October 21, 2024 8:00 am","Jane Howard","Peter White",+14065551212,peter.white@example.com,"Teeth Whitening","2 h",Approved,,,"October 10, 2024 2:00 pm","United States, , 10019, New York, West Street 53, , ",,
39,"October 21, 2024 1:00 pm","Jane Howard","Peter White",+14065551212,peter.white@example.com,"Root Canal Treatment","1 h",Approved,,,"October 10, 2024 2:00 pm","United States, , 10019, New York, West Street 53, , ",,
40,"October 22, 2024 9:00 am","Jane Howard","Peter White",+14065551212,peter.white@example.com,"Teeth Whitening","2 h",Approved,,,"October 10, 2024 2:00 pm","United States, , 10019, New York, West Street 53, , ",,
41,"October 22, 2024 4:00 pm","Jane Howard","Peter White",+14065551212,peter.white@example.com,"Crown and Bridge","1 h",Approved,,,"October 10, 2024 2:00 pm","United States, , 10019, New York, West Street 53, , ",,
42,"October 23, 2024 12:00 pm","Jane Howard","Peter White",+14065551212,peter.white@example.com,"Wisdom tooth Removal","2 h",Approved,,,"October 10, 2024 2:00 pm","United States, , 10019, New York, West Street 53, , ",,
43,"October 17, 2024 10:00 am","Jane Howard","Peter White",+14065551212,peter.white@example.com,"Teeth Whitening","2 h",Approved,,,"October 10, 2024 2:00 pm","United States, , 10019, New York, West Street 53, , ",,
44,"October 18, 2024 1:00 pm","Jane Howard","Peter White",+14065551212,peter.white@example.com,"Crown and Bridge","1 h",Approved,,,"October 10, 2024 2:00 pm","United States, , 10019, New York, West Street 53, , ",,
45,"October 18, 2024 10:00 am","Ashley Stamp","Peter White",+14065551212,peter.white@example.com,"Orthodontics (braces)","3 h 30 min",Approved,,,"October 10, 2024 2:00 pm","United States, , 10019, New York, West Street 53, , ",,
46,"October 18, 2024 5:00 pm","Ashley Stamp","Peter White",+14065551212,peter.white@example.com,"Crown and Bridge","1 h",Approved,,,"October 10, 2024 2:00 pm","United States, , 10019, New York, West Street 53, , ",,
47,"October 15, 2024 9:00 am","Ashley Stamp","Peter White",+14065551212,peter.white@example.com,"Teeth Whitening","2 h",Approved,,,"October 10, 2024 2:00 pm","United States, , 10019, New York, West Street 53, , ",,
48,"October 16, 2024 11:00 am","Ashley Stamp","Peter White",+14065551212,peter.white@example.com,"Wisdom tooth Removal","2 h",Approved,,,"October 10, 2024 2:00 pm","United States, , 10019, New York, West Street 53, , ",,
49,"October 16, 2024 8:30 am","Ashley Stamp","Peter White",+14065551212,peter.white@example.com,"Wisdom tooth Removal","2 h",Approved,,,"October 10, 2024 2:00 pm","United States, , 10019, New York, West Street 53, , ",,
50,"October 10, 2024 8:00 am","Ashley Stamp","Peter White",+14065551212,peter.white@example.com,"Crown and Bridge","1 h",Approved,,,"October 10, 2024 2:00 pm","United States, , 10019, New York, West Street 53, , ",,
51,"October 10, 2024 9:00 am","Ashley Stamp","Peter White",+14065551212,peter.white@example.com,Dentures,"2 h",Approved,,,"October 10, 2024 2:00 pm","United States, , 10019, New York, West Street 53, , ",,
52,"October 10, 2024 4:00 pm","Ashley Stamp","Peter White",+14065551212,peter.white@example.com,Dentures,"2 h",Approved,,,"October 10, 2024 2:00 pm","United States, , 10019, New York, West Street 53, , ",,
53,"October 11, 2024 11:00 am","Ashley Stamp","Peter White",+14065551212,peter.white@example.com,"Crown and Bridge","1 h",Approved,,,"October 10, 2024 2:00 pm","United States, , 10019, New York, West Street 53, , ",,
54,"October 21, 2024 8:00 am","Ashley Stamp","Peter White",+14065551212,peter.white@example.com,"Wisdom tooth Removal","2 h",Approved,,,"October 10, 2024 2:00 pm","United States, , 10019, New York, West Street 53, , ",,
55,"October 22, 2024 10:00 am","Ashley Stamp","Peter White",+14065551212,peter.white@example.com,"Crown and Bridge","1 h",Approved,,,"October 10, 2024 2:00 pm","United States, , 10019, New York, West Street 53, , ",,
56,"October 14, 2024 8:00 am","Ashley Stamp","Peter White",+14065551212,peter.white@example.com,"Invisalign (invisable braces)","3 h 15 min",Approved,,,"October 10, 2024 2:00 pm","United States, , 10019, New York, West Street 53, , ",,
57,"October 14, 2024 4:00 pm","Ashley Stamp","Peter White",+14065551212,peter.white@example.com,"Teeth Whitening","2 h",Approved,,,"October 10, 2024 2:00 pm","United States, , 10019, New York, West Street 53, , ",,
58,"October 14, 2024 12:00 pm","Ashley Stamp","Peter White",+14065551212,peter.white@example.com,Dentures,"2 h",Approved,,,"October 10, 2024 2:00 pm","United States, , 10019, New York, West Street 53, , ",,
59,"October 17, 2024 9:00 am","Ashley Stamp","Peter White",+14065551212,peter.white@example.com,"Orthodontics (braces)","3 h 30 min",Approved,,,"October 10, 2024 2:00 pm","United States, , 10019, New York, West Street 53, , ",,
60,"October 14, 2024 8:00 am","Bradley Tannen","Peter White",+14065551212,peter.white@example.com,Veneers,"1 h 45 min",Approved,,,"October 10, 2024 2:00 pm","United States, , 10019, New York, West Street 53, , ",,
61,"October 15, 2024 12:00 pm","Bradley Tannen","Peter White",+14065551212,peter.white@example.com,"Teeth Whitening","2 h",Approved,,,"October 10, 2024 2:00 pm","United States, , 10019, New York, West Street 53, , ",,
62,"October 16, 2024 10:00 am","Bradley Tannen","Peter White",+14065551212,peter.white@example.com,"Invisalign (invisable braces)","3 h 15 min",Approved,,,"October 10, 2024 2:00 pm","United States, , 10019, New York, West Street 53, , ",,
63,"October 10, 2024 8:00 am","Bradley Tannen","Peter White",+14065551212,peter.white@example.com,"Teeth Whitening","2 h",Approved,,,"October 10, 2024 2:00 pm","United States, , 10019, New York, West Street 53, , ",,
64,"October 10, 2024 11:00 am","Bradley Tannen","Peter White",+14065551212,peter.white@example.com,"Wisdom tooth Removal","2 h",Approved,,,"October 10, 2024 2:00 pm","United States, , 10019, New York, West Street 53, , ",,
65,"October 21, 2024 10:00 am","Bradley Tannen","Peter White",+14065551212,peter.white@example.com,Veneers,"1 h 45 min",Approved,,,"October 10, 2024 2:00 pm","United States, , 10019, New York, West Street 53, , ",,
66,"October 21, 2024 4:00 pm","Bradley Tannen","Peter White",+14065551212,peter.white@example.com,Dentures,"2 h",Approved,,,"October 10, 2024 2:00 pm","United States, , 10019, New York, West Street 53, , ",,
67,"October 22, 2024 8:00 am","Bradley Tannen","Peter White",+14065551212,peter.white@example.com,"Invisalign (invisable braces)","3 h 15 min",Approved,,,"October 10, 2024 2:00 pm","United States, , 10019, New York, West Street 53, , ",,
68,"October 23, 2024 8:00 am","Bradley Tannen","Peter White",+14065551212,peter.white@example.com,Veneers,"1 h 45 min",Approved,,,"October 10, 2024 2:00 pm","United States, , 10019, New York, West Street 53, , ",,
69,"October 17, 2024 8:00 am","Bradley Tannen","Peter White",+14065551212,peter.white@example.com,"Wisdom tooth Removal","2 h",Approved,,,"October 10, 2024 2:00 pm","United States, , 10019, New York, West Street 53, , ",,
70,"October 18, 2024 8:00 am","Bradley Tannen","Peter White",+14065551212,peter.white@example.com,"Crown and Bridge","1 h",Approved,,,"October 10, 2024 2:00 pm","United States, , 10019, New York, West Street 53, , ",,
71,"October 18, 2024 9:00 am","Bradley Tannen","Peter White",+14065551212,peter.white@example.com,"Wisdom tooth Removal","2 h",Approved,,,"October 10, 2024 2:00 pm","United States, , 10019, New York, West Street 53, , ",,
72,"October 14, 2024 9:00 am","Wayne Turner","Peter White",+14065551212,peter.white@example.com,Dentures,"2 h",Approved,,,"October 10, 2024 2:00 pm","United States, , 10019, New York, West Street 53, , ",,
73,"October 14, 2024 12:00 pm","Wayne Turner","Peter White",+14065551212,peter.white@example.com,Veneers,"1 h 45 min",Approved,,,"October 10, 2024 2:00 pm","United States, , 10019, New York, West Street 53, , ",,
74,"October 15, 2024 8:00 am","Wayne Turner","Peter White",+14065551212,peter.white@example.com,"Orthodontics (braces)","3 h 30 min",Approved,,,"October 10, 2024 2:00 pm","United States, , 10019, New York, West Street 53, , ",,
75,"October 16, 2024 11:00 am","Wayne Turner","Peter White",+14065551212,peter.white@example.com,"Wisdom tooth Removal","2 h",Approved,,,"October 10, 2024 2:00 pm","United States, , 10019, New York, West Street 53, , ",,
76,"October 10, 2024 9:00 am","Wayne Turner","Peter White",+14065551212,peter.white@example.com,"Teeth Whitening","2 h",Approved,,,"October 10, 2024 2:00 pm","United States, , 10019, New York, West Street 53, , ",,
77,"October 11, 2024 12:00 pm","Wayne Turner","Peter White",+14065551212,peter.white@example.com,Veneers,"1 h 45 min",Done,,,"October 10, 2024 2:00 pm","United States, , 10019, New York, West Street 53, , ",,
78,"October 21, 2024 9:00 am","Wayne Turner","Peter White",+14065551212,peter.white@example.com,"Teeth Whitening","2 h",Approved,,,"October 10, 2024 2:00 pm","United States, , 10019, New York, West Street 53, , ",,
79,"October 22, 2024 8:00 am","Wayne Turner","Peter White",+14065551212,peter.white@example.com,Veneers,"1 h 45 min",Approved,,,"October 10, 2024 2:00 pm","United States, , 10019, New York, West Street 53, , ",,
80,"October 22, 2024 12:00 pm","Wayne Turner","Peter White",+14065551212,peter.white@example.com,"Teeth Whitening","2 h",Approved,,,"October 10, 2024 2:00 pm","United States, , 10019, New York, West Street 53, , ",,
81,"October 23, 2024 9:00 am","Wayne Turner","Peter White",+14065551212,peter.white@example.com,"Orthodontics (braces)","3 h 30 min",Approved,,,"October 10, 2024 2:00 pm","United States, , 10019, New York, West Street 53, , ",,
82,"October 23, 2024 4:00 pm","Wayne Turner","Peter White",+14065551212,peter.white@example.com,Dentures,"2 h",Approved,,,"October 10, 2024 2:00 pm","United States, , 10019, New York, West Street 53, , ",,
83,"October 17, 2024 8:00 am","Wayne Turner","Peter White",+14065551212,peter.white@example.com,Veneers,"1 h 45 min",Approved,,,"October 10, 2024 2:00 pm","United States, , 10019, New York, West Street 53, , ",,
84,"October 18, 2024 11:00 am","Wayne Turner","Peter White",+14065551212,peter.white@example.com,"Wisdom tooth Removal","2 h",Approved,,,"October 10, 2024 2:00 pm","United States, , 10019, New York, West Street 53, , ",,
85,"October 14, 2024 8:00 am","Emily Taylor","Peter White",+14065551212,peter.white@example.com,"Orthodontics (braces)","3 h 30 min",Approved,,,"October 10, 2024 2:00 pm","United States, , 10019, New York, West Street 53, , ",,
86,"October 15, 2024 9:00 am","Emily Taylor","Peter White",+14065551212,peter.white@example.com,"Teeth Whitening","2 h",Approved,,,"October 10, 2024 2:00 pm","United States, , 10019, New York, West Street 53, , ",,
87,"October 16, 2024 8:00 am","Emily Taylor","Peter White",+14065551212,peter.white@example.com,"Wisdom tooth Removal","2 h",Approved,,,"October 10, 2024 2:00 pm","United States, , 10019, New York, West Street 53, , ",,
88,"October 16, 2024 12:00 pm","Emily Taylor","Peter White",+14065551212,peter.white@example.com,"Teeth Whitening","2 h",Approved,,,"October 10, 2024 2:00 pm","United States, , 10019, New York, West Street 53, , ",,
89,"October 10, 2024 10:00 am","Emily Taylor","Peter White",+14065551212,peter.white@example.com,"Invisalign (invisable braces)","3 h 15 min",Approved,,,"October 10, 2024 2:00 pm","United States, , 10019, New York, West Street 53, , ",,
90,"October 11, 2024 8:00 am","Emily Taylor","Peter White",+14065551212,peter.white@example.com,Veneers,"1 h 45 min",Approved,,,"October 10, 2024 2:00 pm","United States, , 10019, New York, West Street 53, , ",,
91,"October 21, 2024 10:00 am","Emily Taylor","Peter White",+14065551212,peter.white@example.com,"Teeth Whitening","2 h",Approved,,,"October 10, 2024 2:00 pm","United States, , 10019, New York, West Street 53, , ",,
92,"October 21, 2024 12:00 pm","Emily Taylor","Peter White",+14065551212,peter.white@example.com,"Wisdom tooth Removal","2 h",Approved,,,"October 10, 2024 2:00 pm","United States, , 10019, New York, West Street 53, , ",,
93,"October 22, 2024 9:00 am","Emily Taylor","Peter White",+14065551212,peter.white@example.com,Veneers,"1 h 45 min",Approved,,,"October 10, 2024 2:00 pm","United States, , 10019, New York, West Street 53, , ",,
94,"October 23, 2024 11:00 am","Emily Taylor","Peter White",+14065551212,peter.white@example.com,"Invisalign (invisable braces)","3 h 15 min",Approved,,,"October 10, 2024 2:00 pm","United States, , 10019, New York, West Street 53, , ",,
95,"October 17, 2024 8:00 am","Emily Taylor","Peter White",+14065551212,peter.white@example.com,"Orthodontics (braces)","3 h 30 min",Approved,,,"October 10, 2024 2:00 pm","United States, , 10019, New York, West Street 53, , ",,
96,"October 17, 2024 4:00 pm","Emily Taylor","Peter White",+14065551212,peter.white@example.com,Veneers,"1 h 45 min",Approved,,,"October 10, 2024 2:00 pm","United States, , 10019, New York, West Street 53, , ",,
97,"October 18, 2024 10:00 am","Emily Taylor","Peter White",+14065551212,peter.white@example.com,"Wisdom tooth Removal","2 h",Approved,,,"October 10, 2024 2:00 pm","United States, , 10019, New York, West Street 53, , ",,
98,"October 14, 2024 10:00 am","Hugh Canberg","Peter White",+14065551212,peter.white@example.com,"Wisdom tooth Removal","2 h",Approved,,,"October 10, 2024 2:00 pm","United States, , 10019, New York, West Street 53, , ",,
99,"October 15, 2024 9:00 am","Hugh Canberg","Peter White",+14065551212,peter.white@example.com,"Teeth Whitening","2 h",Approved,,,"October 10, 2024 2:00 pm","United States, , 10019, New York, West Street 53, , ",,
100,"October 15, 2024 11:00 am","Hugh Canberg","Peter White",+14065551212,peter.white@example.com,"Invisalign (invisable braces)","3 h 15 min",Approved,,,"October 10, 2024 2:00 pm","United States, , 10019, New York, West Street 53, , ",,
101,"October 16, 2024 8:00 am","Hugh Canberg","Peter White",+14065551212,peter.white@example.com,"Teeth Whitening","2 h",Approved,,,"October 10, 2024 2:00 pm","United States, , 10019, New York, West Street 53, , ",,
102,"October 9, 2024 11:00 am","Hugh Canberg","Peter White",+14065551212,peter.white@example.com,"Wisdom tooth Removal","2 h",Approved,,,"October 10, 2024 2:00 pm","United States, , 10019, New York, West Street 53, , ",,
103,"October 11, 2024 9:00 am","Hugh Canberg","Peter White",+14065551212,peter.white@example.com,"Invisalign (invisable braces)","3 h 15 min",Approved,,,"October 10, 2024 2:00 pm","United States, , 10019, New York, West Street 53, , ",,
104,"October 10, 2024 9:00 am","Hugh Canberg","Peter White",+14065551212,peter.white@example.com,"Invisalign (invisable braces)","3 h 15 min",Approved,,,"October 10, 2024 2:00 pm","United States, , 10019, New York, West Street 53, , ",,
105,"October 21, 2024 9:00 am","Hugh Canberg","Peter White",+14065551212,peter.white@example.com,"Teeth Whitening","2 h",Approved,,,"October 10, 2024 2:00 pm","United States, , 10019, New York, West Street 53, , ",,
106,"October 21, 2024 11:00 am","Hugh Canberg","Peter White",+14065551212,peter.white@example.com,"Wisdom tooth Removal","2 h",Approved,,,"October 10, 2024 2:00 pm","United States, , 10019, New York, West Street 53, , ",,
107,"October 16, 2024 10:00 am","Hugh Canberg","Peter White",+14065551212,peter.white@example.com,"Invisalign (invisable braces)","3 h 15 min",Approved,,,"October 10, 2024 2:00 pm","United States, , 10019, New York, West Street 53, , ",,
108,"October 23, 2024 8:00 am","Hugh Canberg","Peter White",+14065551212,peter.white@example.com,"Wisdom tooth Removal","2 h",Approved,,,"October 10, 2024 2:00 pm","United States, , 10019, New York, West Street 53, , ",,
109,"October 17, 2024 11:00 am","Hugh Canberg","Peter White",+14065551212,peter.white@example.com,"Teeth Whitening","2 h",Approved,,,"October 10, 2024 2:00 pm","United States, , 10019, New York, West Street 53, , ",,
110,"October 18, 2024 8:00 am","Hugh Canberg","Peter White",+14065551212,peter.white@example.com,"Invisalign (invisable braces)","3 h 15 min",Approved,,,"October 10, 2024 2:00 pm","United States, , 10019, New York, West Street 53, , ",,
111,"October 14, 2024 8:00 am","Jim Gonzalez","Peter White",+14065551212,peter.white@example.com,"Root Canal Treatment","1 h",Approved,,,"October 10, 2024 2:00 pm","United States, , 10019, New York, West Street 53, , ",,
112,"October 15, 2024 9:00 am","Jim Gonzalez","Peter White",+14065551212,peter.white@example.com,"Root Canal Treatment","1 h",Approved,,,"October 10, 2024 2:00 pm","United States, , 10019, New York, West Street 53, , ",,
113,"October 16, 2024 10:00 am","Jim Gonzalez","Peter White",+14065551212,peter.white@example.com,"Orthodontics (braces)","3 h 30 min",Approved,,,"October 10, 2024 2:00 pm","United States, , 10019, New York, West Street 53, , ",,
114,"October 10, 2024 8:00 am","Jim Gonzalez","Peter White",+14065551212,peter.white@example.com,"Root Canal Treatment","1 h",Approved,,,"October 10, 2024 2:00 pm","United States, , 10019, New York, West Street 53, , ",,
115,"October 10, 2024 4:00 pm","Jim Gonzalez","Peter White",+14065551212,peter.white@example.com,"Root Canal Treatment","1 h",Approved,,,"October 10, 2024 2:00 pm","United States, , 10019, New York, West Street 53, , ",,
116,"October 11, 2024 9:00 am","Jim Gonzalez","Peter White",+14065551212,peter.white@example.com,"Root Canal Treatment","1 h",Approved,,,"October 10, 2024 2:00 pm","United States, , 10019, New York, West Street 53, , ",,
117,"October 21, 2024 9:00 am","Jim Gonzalez","Peter White",+14065551212,peter.white@example.com,"Root Canal Treatment","1 h",Approved,,,"October 10, 2024 2:00 pm","United States, , 10019, New York, West Street 53, , ",,
118,"October 22, 2024 10:00 am","Jim Gonzalez","Peter White",+14065551212,peter.white@example.com,"Orthodontics (braces)","3 h 30 min",Approved,,,"October 10, 2024 2:00 pm","United States, , 10019, New York, West Street 53, , ",,
119,"October 23, 2024 10:00 am","Jim Gonzalez","Peter White",+14065551212,peter.white@example.com,"Invisalign (invisable braces)","3 h 15 min",Approved,,,"October 10, 2024 2:00 pm","United States, , 10019, New York, West Street 53, , ",,
120,"October 17, 2024 9:00 am","Jim Gonzalez","Peter White",+14065551212,peter.white@example.com,"Root Canal Treatment","1 h",Approved,,,"October 10, 2024 2:00 pm","United States, , 10019, New York, West Street 53, , ",,
121,"October 18, 2024 11:00 am","Jim Gonzalez","Peter White",+14065551212,peter.white@example.com,"Root Canal Treatment","1 h",Approved,,,"October 10, 2024 2:00 pm","United States, , 10019, New York, West Street 53, , ",,
122,"October 14, 2024 10:00 am","Nancy Stinson","Peter White",+14065551212,peter.white@example.com,Dentures,"2 h",Approved,,,"October 10, 2024 2:00 pm","United States, , 10019, New York, West Street 53, , ",,
123,"October 15, 2024 8:00 am","Nancy Stinson","Peter White",+14065551212,peter.white@example.com,"Invisalign (invisable braces)","3 h 15 min",Approved,,,"October 10, 2024 2:00 pm","United States, , 10019, New York, West Street 53, , ",,
124,"October 16, 2024 4:00 pm","Nancy Stinson","Peter White",+14065551212,peter.white@example.com,Dentures,"2 h",Approved,,,"October 10, 2024 2:00 pm","United States, , 10019, New York, West Street 53, , ",,
126,"October 10, 2024 10:00 am","Nancy Stinson","Peter White",+14065551212,peter.white@example.com,Dentures,"2 h",Approved,,,"October 10, 2024 2:00 pm","United States, , 10019, New York, West Street 53, , ",,
127,"October 11, 2024 10:00 am","Nancy Stinson","Peter White",+14065551212,peter.white@example.com,"Invisalign (invisable braces)","3 h 15 min",Approved,,,"October 10, 2024 2:00 pm","United States, , 10019, New York, West Street 53, , ",,
128,"October 21, 2024 9:00 am","Nancy Stinson","Peter White",+14065551212,peter.white@example.com,Dentures,"2 h",Approved,,,"October 10, 2024 2:00 pm","United States, , 10019, New York, West Street 53, , ",,
129,"October 22, 2024 8:00 am","Nancy Stinson","Peter White",+14065551212,peter.white@example.com,"Invisalign (invisable braces)","3 h 15 min",Approved,,,"October 10, 2024 2:00 pm","United States, , 10019, New York, West Street 53, , ",,
130,"October 17, 2024 12:00 pm","Nancy Stinson","Peter White",+14065551212,peter.white@example.com,Dentures,"2 h",Approved,,,"October 10, 2024 2:00 pm","United States, , 10019, New York, West Street 53, , ",,
131,"October 18, 2024 9:00 am","Nancy Stinson","Peter White",+14065551212,peter.white@example.com,"Invisalign (invisable braces)","3 h 15 min",Approved,,,"October 10, 2024 2:00 pm","United States, , 10019, New York, West Street 53, , ",,
132,"October 14, 2024 9:00 am","Marry Murphy","Peter White",+14065551212,peter.white@example.com,Dentures,"2 h",Approved,,,"October 10, 2024 2:00 pm","United States, , 10019, New York, West Street 53, , ",,
133,"October 15, 2024 8:00 am","Marry Murphy","Peter White",+14065551212,peter.white@example.com,"Invisalign (invisable braces)","3 h 15 min",Approved,,,"October 10, 2024 2:00 pm","United States, , 10019, New York, West Street 53, , ",,
134,"October 10, 2024 8:00 am","Marry Murphy","Peter White",+14065551212,peter.white@example.com,Dentures,"2 h",Approved,,,"October 10, 2024 2:00 pm","United States, , 10019, New York, West Street 53, , ",,
135,"October 11, 2024 11:00 am","Marry Murphy","Peter White",+14065551212,peter.white@example.com,"Invisalign (invisable braces)","3 h 15 min",Approved,,,"October 10, 2024 2:00 pm","United States, , 10019, New York, West Street 53, , ",,
136,"October 21, 2024 8:00 am","Marry Murphy","Peter White",+14065551212,peter.white@example.com,"Invisalign (invisable braces)","3 h 15 min",Approved,,,"October 10, 2024 2:00 pm","United States, , 10019, New York, West Street 53, , ",,
137,"October 21, 2024 12:00 pm","Marry Murphy","Peter White",+14065551212,peter.white@example.com,Dentures,"2 h",Approved,,,"October 10, 2024 2:00 pm","United States, , 10019, New York, West Street 53, , ",,
138,"October 23, 2024 8:00 am","Marry Murphy","Peter White",+14065551212,peter.white@example.com,"Invisalign (invisable braces)","3 h 15 min",Approved,,,"October 10, 2024 2:00 pm","United States, , 10019, New York, West Street 53, , ",,
139,"October 17, 2024 12:00 pm","Marry Murphy","Peter White",+14065551212,peter.white@example.com,Dentures,"2 h",Approved,,,"October 10, 2024 2:00 pm","United States, , 10019, New York, West Street 53, , ",,
140,"October 18, 2024 8:00 am","Marry Murphy","Peter White",+14065551212,peter.white@example.com,Dentures,"2 h",Approved,,,"October 10, 2024 2:00 pm","United States, , 10019, New York, West Street 53, , ",,
